{"cameraMode":{"drawMode":0,"name":"Shaded","section":"Shading Mode"},"sceneLighting":true,"audioPlay":false,"sceneViewState":{"showFog":true,"showMaterialUpdate":false,"showSkybox":true,"showFlares":true,"showImageEffects":true,"showParticleSystems":true},"in2DMode":false,"pivot":{"x":10.077935218811036,"y":42.77492904663086,"z":8.285053253173829},"rotation":{"x":-0.11897622048854828,"y":-0.4026975929737091,"z":0.05272824689745903,"w":-0.9060888290405273},"size":204.3625946044922,"orthographic":false}