{"cameraMode":{"drawMode":0,"name":"Shaded","section":"Shading Mode"},"sceneLighting":true,"audioPlay":false,"sceneViewState":{"showFog":true,"showMaterialUpdate":false,"showSkybox":true,"showFlares":true,"showImageEffects":true,"showParticleSystems":true},"in2DMode":false,"pivot":{"x":6.538268566131592,"y":30.54990005493164,"z":21.219558715820314},"rotation":{"x":-0.1345190703868866,"y":-0.033891916275024417,"z":0.00451615359634161,"w":-0.9903510808944702},"size":109.35337829589844,"orthographic":false}