{"cameraMode":{"drawMode":0,"name":"Shaded","section":"Shading Mode"},"sceneLighting":true,"audioPlay":false,"sceneViewState":{"showFog":true,"showMaterialUpdate":false,"showSkybox":true,"showFlares":true,"showImageEffects":true,"showParticleSystems":true},"in2DMode":false,"pivot":{"x":12.129186630249024,"y":21.646682739257814,"z":-25.057100296020509},"rotation":{"x":0.061415672302246097,"y":0.04252706840634346,"z":-0.0024584440980106594,"w":0.9972514510154724},"size":55.16609191894531,"orthographic":false}