{"cameraMode":{"drawMode":0,"name":"Shaded","section":"Shading Mode"},"sceneLighting":true,"audioPlay":false,"sceneViewState":{"showFog":true,"showMaterialUpdate":false,"showSkybox":true,"showFlares":true,"showImageEffects":true,"showParticleSystems":true},"in2DMode":false,"pivot":{"x":-6.167902946472168,"y":13.382986068725586,"z":-28.574440002441408},"rotation":{"x":-0.04827885702252388,"y":-0.02487516589462757,"z":0.0011631571687757969,"w":-0.9985571503639221},"size":1.3923707008361817,"orthographic":false}