{"cameraMode":{"drawMode":0,"name":"Shaded","section":"Shading Mode"},"sceneLighting":false,"audioPlay":false,"sceneViewState":{"showFog":true,"showMaterialUpdate":false,"showSkybox":false,"showFlares":true,"showImageEffects":true,"showParticleSystems":true},"in2DMode":false,"pivot":{"x":0.10359573364257813,"y":44.97572326660156,"z":0.23364543914794923},"rotation":{"x":0.1393042653799057,"y":0.026729030534625055,"z":-0.003761471249163151,"w":0.9898846745491028},"size":173.86978149414063,"orthographic":false}