{"cameraMode":{"drawMode":0,"name":"Shaded","section":"Shading Mode"},"sceneLighting":true,"audioPlay":false,"sceneViewState":{"showFog":true,"showMaterialUpdate":false,"showSkybox":true,"showFlares":true,"showImageEffects":true,"showParticleSystems":true},"in2DMode":false,"pivot":{"x":2.192528486251831,"y":4.727365493774414,"z":-2.7978286743164064},"rotation":{"x":-0.13077233731746674,"y":-0.3675958514213562,"z":0.05229340121150017,"w":-0.9192648530006409},"size":63.40727233886719,"orthographic":false}