{"cameraMode":{"drawMode":0,"name":"Shaded","section":"Shading Mode"},"sceneLighting":true,"audioPlay":false,"sceneViewState":{"showFog":true,"showMaterialUpdate":false,"showSkybox":true,"showFlares":true,"showImageEffects":true,"showParticleSystems":true},"in2DMode":false,"pivot":{"x":1.9755630493164063,"y":23.869102478027345,"z":-7.49688720703125},"rotation":{"x":-0.019565824419260026,"y":-0.900825023651123,"z":0.04085125774145126,"w":-0.4318472743034363},"size":126.8703842163086,"orthographic":false}